date,state,positive,negative,pending,hospitalizedCurrently,hospitalizedCumulative,inIcuCurrently,inIcuCumulative,onVentilatorCurrently,onVentilatorCumulative,recovered,dataQualityGrade,lastUpdateEt,dateModified,checkTimeEt,death,hospitalized,dateChecked,totalTestsViral,positiveTestsViral,negativeTestsViral,positiveCasesViral,fips,positiveIncrease,negativeIncrease,total,totalTestResults,totalTestResultsIncrease,posNeg,deathIncrease,hospitalizedIncrease,hash,commercialScore,negativeRegularScore,negativeScore,positiveScore,score,grade
20200615,AK,664,73773,,21,,,,3,,417,A,6/15/20 0:00,2020-06-15T00:00:00Z,6/14/20 20:00,12,,2020-06-15T00:00:00Z,74437,,,,2,3,967,74437,74437,970,74437,0,0,6b08035ecccc3d7c158bd1ebff8a325714b92a03,0,0,0,0,0,
20200615,AL,26272,276402,,546,2259,,676,,395,13508,B,6/15/20 11:00,2020-06-15T11:00:00Z,6/15/20 7:00,774,2259,2020-06-15T11:00:00Z,,,,25892,1,657,4562,302674,302674,5219,302674,1,4,5a2e19c16964661d50217b2850723b167c2255b8,0,0,0,0,0,
20200615,AR,12917,191221,,206,1003,,,45,163,8352,B,6/15/20 0:00,2020-06-15T00:00:00Z,6/14/20 20:00,182,1003,2020-06-15T00:00:00Z,,,,12917,5,416,6733,204138,204138,7149,204138,3,5,b09ef2ffe500407eb08f0c06674367d8b4eb4d37,0,0,0,0,0,
20200615,AS,0,174,,,,,,,,,C,6/1/20 0:00,2020-06-01T00:00:00Z,5/31/20 20:00,0,,2020-06-01T00:00:00Z,,,,,60,0,0,174,174,0,174,0,0,9fbf373597d3b20bdf748d1567bfb5daf0a1ade9,0,0,0,0,0,
20200615,AZ,36705,308552,,1449,3750,464,,307,,6462,A+,6/15/20 0:00,2020-06-15T00:00:00Z,6/14/20 20:00,1194,3750,2020-06-15T00:00:00Z,344929,,,36377,4,1014,6198,345257,345257,7212,345257,8,24,63be08bad71d36297e4a1aaeb41b67b953a669ad,0,0,0,0,0,
20200615,CA,151452,2716730,,4323,,1270,,,,,B,6/15/20 0:00,2020-06-15T00:00:00Z,6/14/20 20:00,5089,,2020-06-15T00:00:00Z,2868182,,,151452,6,2597,63589,2868182,2868182,66186,2868182,26,0,952aeb311c1f15712a48b9a9fdea0b9cf8563476,0,0,0,0,0,
20200615,CO,29130,219955,,276,5244,,,,,4196,A,6/14/20 0:00,2020-06-14T00:00:00Z,6/13/20 20:00,1599,5244,2020-06-14T00:00:00Z,,,,26523,8,113,4329,249085,249085,4442,249085,1,0,fc31515a363102e7522614e5971dbff88ceb661a,0,0,0,0,0,
20200615,CT,45235,311142,,203,9912,,,,,7611,B,6/14/20 20:30,2020-06-14T20:30:00Z,6/14/20 16:30,4204,9912,2020-06-14T20:30:00Z,354445,,,43303,9,147,7124,356377,356377,7271,356377,3,0,635fb804651ebd771a79ff34cc0106dd8216b3c2,0,0,0,0,0,
20200615,DC,9799,56047,,191,,76,,48,,1155,A+,6/14/20 0:00,2020-06-14T00:00:00Z,6/13/20 20:00,515,,2020-06-14T00:00:00Z,,,,9799,11,32,1284,65846,65846,1316,65846,0,0,28122da2cb8c9f0f211e9fc397c75c4ff8418d82,0,0,0,0,0,
20200615,DE,10340,74346,,88,,,,,,6172,A,6/14/20 18:00,2020-06-14T18:00:00Z,6/14/20 14:00,423,,2020-06-14T18:00:00Z,,,,9378,10,76,2823,84686,84686,2899,84686,1,0,f63b1edbbae57efd7b04d5f68c2e8ec7909517b6,0,0,0,0,0,
20200615,FL,77326,1352858,1167,,12298,,,,,,A,6/15/20 10:00,2020-06-15T10:00:00Z,6/15/20 6:00,3030,12298,2020-06-15T10:00:00Z,1684379,103802,1577532,77326,12,1758,19411,1431351,1430184,21169,1430184,8,74,074949cecdffccd82864acbcab57a6c71b779c41,0,0,0,0,0,
20200615,GA,58414,572082,,865,9322,,2043,,,,A,6/15/20 14:50,2020-06-15T14:50:00Z,6/15/20 10:50,2494,9322,2020-06-15T14:50:00Z,625055,52973,572082,58414,13,733,8973,630496,630496,9706,630496,43,74,dd75046ff87860f938ea156fd4bcca0790f9a02d,0,0,0,0,0,
20200615,GU,185,8573,,,,,,,,169,B,6/15/20 5:50,2020-06-15T05:50:00Z,6/15/20 1:50,5,,2020-06-15T05:50:00Z,8706,174,8531,177,66,0,215,8758,8758,215,8758,0,0,9826aa97ab4b1e154d834d521302ff6b10fe26bc,0,0,0,0,0,
20200615,HI,728,60746,,,91,,,,,629,D,6/14/20 18:00,2020-06-14T18:00:00Z,6/14/20 14:00,17,91,2020-06-14T18:00:00Z,70877,728,70149,728,15,5,1147,61474,61474,1152,61474,0,2,c3cf6ca570eec699e00781e7689099bef3cae2bf,0,0,0,0,0,
20200615,IA,24053,203335,,197,,71,,51,,14625,A+,6/15/20 0:00,2020-06-15T00:00:00Z,6/14/20 20:00,655,,2020-06-15T00:00:00Z,,,,24053,19,127,2627,227388,227388,2754,227388,3,0,32fdcd13366349cc68669044aa25afcd2c4fb50e,0,0,0,0,0,
20200615,ID,3399,59581,,,266,,98,,,2837,A,6/13/20 19:00,2020-06-13T19:00:00Z,6/13/20 15:00,87,266,2020-06-13T19:00:00Z,62642,,,3061,16,0,0,62980,62980,0,62980,0,0,306fe0d13518c7afed43a35fa7d6608aaafa7747,0,0,0,0,0,
20200615,IL,133877,1076596,,1961,,569,,340,,,A,6/15/20 0:00,2020-06-15T00:00:00Z,6/14/20 20:00,6507,,2020-06-15T00:00:00Z,1209612,,,133016,17,473,18154,1210473,1210473,18627,1210473,18,0,d41fbced0e100d036be4267560c63d76b98f059d,0,0,0,0,0,
20200615,IN,40430,315399,,882,6451,305,1368,123,,28744,A+,6/14/20 23:59,2020-06-14T23:59:00Z,6/14/20 19:59,2433,6451,2020-06-14T23:59:00Z,,,,40430,18,521,6917,355829,355829,7438,355829,11,32,3105b86d9b6e25f28e4be854b16ddb5f5081fe42,0,0,0,0,0,
20200615,KS,11419,125543,,,988,,327,,143,676,A,6/12/20 13:30,2020-06-12T13:30:00Z,6/12/20 9:30,245,988,2020-06-12T13:30:00Z,,,,11419,20,372,7438,136962,136962,7810,136962,2,15,4857ece9b296807f843879d6713df2bbd87e6908,0,0,0,0,0,
20200615,KY,12647,283204,,383,2433,63,969,,,3416,B,6/15/20 0:00,2020-06-15T00:00:00Z,6/14/20 20:00,505,2433,2020-06-15T00:00:00Z,,,,12326,21,202,1064,295851,295851,1266,295851,6,0,e9811457d104cada0ee89367bd0460f505e4277b,0,0,0,0,0,
20200615,LA,47172,471553,,568,,,,76,,37017,B,6/15/20 13:00,2020-06-15T13:00:00Z,6/15/20 9:00,3018,,2020-06-15T13:00:00Z,,,,47172,22,553,8840,518725,518725,9393,518725,4,0,4c7285d01be9cabaca0679b7e9e66442b1c2d442,0,0,0,0,0,
20200615,MA,105690,611541,,1026,10817,253,,167,,,A+,6/15/20 16:00,2020-06-15T16:00:00Z,6/15/20 12:00,7647,10817,2020-06-15T16:00:00Z,,,,101334,25,87,4434,717231,717231,4521,717231,23,15,ad6c8459aec846e28722e1a599bfc8f14c95e48b,0,0,0,0,0,
20200615,MD,62032,359076,,745,10222,292,,,,4567,B,6/15/20 10:00,2020-06-15T10:00:00Z,6/15/20 6:00,2947,10222,2020-06-15T10:00:00Z,500791,,,62032,24,331,5468,421108,421108,5799,421108,8,57,882a9d1473bd27f3279bf53b6340f8df91171e38,0,0,0,0,0,
20200615,ME,2810,68161,,31,317,11,,4,,2189,B,6/15/20 12:15,2020-06-15T12:15:00Z,6/15/20 8:15,101,317,2020-06-15T12:15:00Z,71697,3425,68161,2495,23,17,1096,70971,70971,1113,70971,1,3,c74421ceb571ac10ee86d3cbdc1f01ee78f4c2c5,0,0,0,0,0,
20200615,MI,66085,757952,,562,,210,,139,,44964,A+,6/15/20 0:00,2020-06-15T00:00:00Z,6/14/20 20:00,6017,,2020-06-15T00:00:00Z,839866,82274,757952,60064,26,31,10508,824037,824037,10539,824037,1,0,9392719892893fcc0c4dbc37ec5c95dd525b28c5,0,0,0,0,0,
20200615,MN,30693,392229,,353,3630,186,1121,,,26609,A,6/14/20 17:00,2020-06-14T17:00:00Z,6/14/20 13:00,1335,3630,2020-06-14T17:00:00Z,422922,,,30693,27,222,4990,422922,422922,5212,422922,6,20,5f05a8e1edb57aa2bb195d531839033f1a0b8f21,0,0,0,0,0,
20200615,MO,16189,263752,,612,,,,64,,,B,6/15/20 15:00,2020-06-15T15:00:00Z,6/15/20 11:00,880,,2020-06-15T15:00:00Z,270232,17275,252506,16189,29,379,4073,279941,279941,4452,279941,1,0,df44e52126fa9cb192488110a43dc92b50578722,0,0,0,0,0,
20200615,MP,30,8139,,,,,,,,19,D,6/14/20 18:09,2020-06-14T18:09:00Z,6/14/20 14:09,2,,2020-06-14T18:09:00Z,8169,,,30,69,0,0,8169,8169,0,8169,0,0,a52fd92b3f00da60c3e701e8ba1af4c44b0e0c58,0,0,0,0,0,
20200615,MS,19799,210704,,661,2680,163,,100,,15323,A,6/14/20 19:00,2020-06-14T19:00:00Z,6/14/20 15:00,895,2680,2020-06-14T19:00:00Z,230503,,,19664,28,283,16167,230503,230503,16450,230503,4,15,34b1deaf3e51a2e599a34a340b053dd1ff929db5,0,0,0,0,0,
20200615,MT,609,60328,,7,78,,,,,510,C,6/15/20 0:00,2020-06-15T00:00:00Z,6/14/20 20:00,19,78,2020-06-15T00:00:00Z,,,,609,30,8,2022,60937,60937,2030,60937,0,1,10fcb0b5452eb4eff17a4756dc02a6eae37faaf8,0,0,0,0,0,
20200615,NC,45102,593377,,797,,,,,,29219,A,6/15/20 11:40,2020-06-15T11:40:00Z,6/15/20 7:40,1118,,2020-06-15T11:40:00Z,,,,45102,37,983,10366,638479,638479,11349,638479,9,0,5b4ce66331d0e67cdf10fd77d58254f6b0b78c4c,0,0,0,0,0,
20200615,ND,3101,84675,,31,197,,,,,2683,F,6/15/20 0:00,2020-06-15T00:00:00Z,6/14/20 20:00,77,197,2020-06-15T00:00:00Z,133896,,,3101,38,21,875,87776,87776,896,87776,0,0,a4d642d2e298b56a0590073344e009aa3c469ef6,0,0,0,0,0,
20200615,NE,16725,121030,,160,1075,,,,,10121,D,6/14/20 20:00,2020-06-14T20:00:00Z,6/14/20 16:00,216,1075,2020-06-14T20:00:00Z,,,,16725,31,92,1548,137755,137755,1640,137755,0,5,d2ca3fb14b02acf27faeec7c1da29bd074e61a27,0,0,0,0,0,
20200615,NH,5345,93528,,69,519,,154,,,4041,B,6/15/20 9:00,2020-06-15T09:00:00Z,6/15/20 5:00,320,519,2020-06-15T09:00:00Z,,,,5345,33,46,2406,98873,98873,2452,98873,2,6,21dac726e24ba1e0b0847a60ad29e3c3ef8a9dd1,0,0,0,0,0,
20200615,NJ,167103,948980,,1342,18755,399,,267,,28819,A+,6/15/20 13:00,2020-06-15T13:00:00Z,6/15/20 9:00,12676,18755,2020-06-15T13:00:00Z,,,,167103,34,222,18245,1116083,1116083,18467,1116083,51,18,242cda6073a3e94d2a577c899962b787291e53ea,0,0,0,0,0,
20200615,NM,9723,253942,,162,1625,,,,,4114,C,6/14/20 18:03,2020-06-14T18:03:00Z,6/14/20 14:03,435,1625,2020-06-14T18:03:00Z,,,,9723,35,102,4569,263665,263665,4671,263665,4,0,ccccd7f4e24d31c30b79f2a5c666f297ac68bb14,0,0,0,0,0,
20200615,NV,11279,205155,,346,,85,,40,,636,A+,6/15/20 11:30,2020-06-15T11:30:00Z,6/15/20 7:30,465,,2020-06-15T11:30:00Z,248498,,,11279,32,106,5717,216434,216434,5823,216434,1,0,d7197d0c01c723e033aac3b2a1a08964f6d522c3,0,0,0,0,0,
20200615,NY,383944,2607266,,1608,89995,470,,323,,68851,A,6/15/20 0:00,2020-06-15T00:00:00Z,6/14/20 20:00,24579,89995,2020-06-15T00:00:00Z,,,,383944,36,620,55991,2991210,2991210,56611,2991210,28,0,687804ec7fbe947b02eb239a57cc805aec4883c9,0,0,0,0,0,
20200615,OH,41576,515592,,513,6948,216,1776,157,,,B,6/15/20 14:00,2020-06-15T14:00:00Z,6/15/20 10:00,2573,6948,2020-06-15T14:00:00Z,,,,38536,39,428,10520,557168,557168,10948,557168,16,53,5b056f53c5f0dfb297b62034f07e2ef007725f5f,0,0,0,0,0,
20200615,OK,8417,242587,,149,1117,67,,,,6628,A+,6/15/20 8:00,2020-06-15T08:00:00Z,6/15/20 4:00,359,1117,2020-06-15T08:00:00Z,252624,9456,242587,8417,40,186,0,251004,251004,186,251004,0,1,c3c4689987d0df35ff763400a64584d0bdfc985f,0,0,0,0,0,
20200615,OR,5636,168246,,133,875,47,,15,,2396,A+,6/14/20 0:00,2020-06-14T00:00:00Z,6/13/20 20:00,176,875,2020-06-14T00:00:00Z,,,,5207,41,259,7434,173882,173882,7693,173882,3,0,9d3fcb07c5859d703d65f4304afc6a156ce5896c,0,0,0,0,0,
20200615,PA,79121,513909,,851,,,,178,,58549,A+,6/15/20 0:00,2020-06-15T00:00:00Z,6/14/20 20:00,6243,,2020-06-15T00:00:00Z,,,,76883,42,323,9474,593030,593030,9797,593030,28,0,fb41b3f10dab21f4358323005086f32201ee4084,0,0,0,0,0,
20200615,PR,5890,,,104,,8,,2,,,C,6/15/20 6:30,2020-06-15T06:30:00Z,6/15/20 2:30,147,,2020-06-15T06:30:00Z,61515,,,1477,72,79,0,5890,5890,79,5890,0,0,8eb23a03c430d5706f2c25b96f82df79eb052f21,0,0,0,0,0,
20200615,RI,16093,184352,,127,1882,21,,14,,1474,A+,6/15/20 12:00,2020-06-15T12:00:00Z,6/15/20 8:00,851,1882,2020-06-15T12:00:00Z,,,,16093,44,146,8781,200445,200445,8927,200445,18,29,92a3a1a587b823a80f1a813dedf1c00813642d97,0,0,0,0,0,
20200615,SC,19378,236179,,536,1988,,,,,8682,A+,6/15/20 16:00,2020-06-15T16:00:00Z,6/15/20 12:00,602,1988,2020-06-15T16:00:00Z,262473,26294,236179,19378,45,583,6638,255557,255557,7221,255557,2,0,8bc8b316356b568ecfb9280653eb8243b0d8dd39,0,0,0,0,0,
20200615,SD,5928,60467,,93,544,,,,,4961,B,6/14/20 18:00,2020-06-14T18:00:00Z,6/14/20 14:00,75,544,2020-06-14T18:00:00Z,,,,5928,46,30,1046,66395,66395,1076,66395,0,5,40dd023b458499d9f0a79cd08ca83bd502dbdf80,0,0,0,0,0,
20200615,TN,31160,598818,,,2106,,,,,20062,B,6/15/20 15:00,2020-06-15T15:00:00Z,6/15/20 11:00,483,2106,2020-06-15T15:00:00Z,629769,36284,593485,30951,47,728,14030,629978,629978,14758,629978,8,19,549e8ce54020ce73bfc9279dc0e7cfa0b7467088,0,0,0,0,0,
20200615,TX,89108,1225653,,2326,,,,,,59089,B,6/15/20 16:50,2020-06-15T16:50:00Z,6/15/20 12:50,1983,,2020-06-15T16:50:00Z,1314761,,,,48,1254,17524,1314761,1314761,18778,1314761,7,0,4263a4506b36dd9116b8b019acee62a3c40d70c8,0,0,0,0,0,
20200615,UT,14608,258330,,184,1041,72,304,,134,8380,B,6/15/20 10:37,2020-06-15T10:37:00Z,6/15/20 6:37,143,1041,2020-06-15T10:37:00Z,,,,14608,49,295,4930,272938,272938,5225,272938,4,13,b2185e724c16791fda45cfca6e59bb15f30f86c9,0,0,0,0,0,
20200615,VA,54886,424113,259,902,8132,269,,130,,7230,A+,6/14/20 17:00,2020-06-14T17:00:00Z,6/14/20 13:00,1552,8132,2020-06-14T17:00:00Z,476573,,,52460,51,380,9619,479258,478999,9999,478999,6,-4,1883d1c3855da9c54c9ae70f2227276d3724cc16,0,0,0,0,0,
20200615,VI,73,2305,5,,,,,,,64,C,6/15/20 7:46,2020-06-15T07:46:00Z,6/15/20 3:46,6,,2020-06-15T07:46:00Z,,,,73,78,1,0,2383,2378,1,2378,0,0,3b976a34024d96ee97b0cbe86d3a14865e793a68,0,0,0,0,0,
20200615,VT,1128,51429,,16,,,,,,912,B,6/15/20 0:00,2020-06-15T00:00:00Z,6/14/20 20:00,55,,2020-06-15T00:00:00Z,,,,1128,50,1,1574,52557,52557,1575,52557,0,0,f5699a4c227e3dbd243782055ace9f71ec94fce5,0,0,0,0,0,
20200615,WA,25834,436768,,197,3856,,,41,,,B,6/14/20 2:59,2020-06-14T02:59:00Z,6/13/20 22:59,1217,3856,2020-06-14T02:59:00Z,,,,25834,53,296,12160,462602,462602,12456,462602,4,11,facb300010a64051afa09bff83d111e1c5a67b4c,0,0,0,0,0,
20200615,WI,22932,403447,188,284,3061,100,680,,,16837,A+,6/15/20 16:00,2020-06-15T16:00:00Z,6/15/20 12:00,694,3061,2020-06-15T16:00:00Z,,,,22932,55,174,6081,426567,426379,6255,426379,2,12,e8e92e7ff873b387c033fdf84754f89341ef71fb,0,0,0,0,0,
20200615,WV,2298,129655,,25,,8,,2,,1585,B,6/15/20 10:00,2020-06-15T10:00:00Z,6/15/20 6:00,88,,2020-06-15T10:00:00Z,,,,2220,54,9,745,131953,131953,754,131953,0,0,2a03743b1c9cc1e362a92352d90663b3349e9aae,0,0,0,0,0,
20200615,WY,1060,31546,,4,93,,,,,834,C,6/15/20 18:00,2020-06-15T18:00:00Z,6/15/20 14:00,18,93,2020-06-15T18:00:00Z,32387,941,30446,841,56,0,-459,32606,32606,-459,32606,0,0,327c2f542a60b02b067429bfa52f71dda41dc709,0,0,0,0,0,
20200614,AK,661,72806,,11,,,,1,,411,A,6/14/20 0:00,2020-06-14T00:00:00Z,6/13/20 20:00,12,,2020-06-14T00:00:00Z,73467,,,,2,7,1657,73467,73467,1664,73467,0,0,e4689615ee7b910984dc813a587128ae5b1b7335,0,0,0,0,0,
20200614,AL,25615,271840,,540,2255,,675,,395,13508,B,6/14/20 11:00,2020-06-14T11:00:00Z,6/14/20 7:00,773,2255,2020-06-14T11:00:00Z,,,,25235,1,1014,3189,297455,297455,4203,297455,0,14,ad408ffeffbe5d1a8ac9b56586ecffe78dc2804c,0,0,0,0,0,
20200614,AR,12501,184488,,204,998,,,46,162,8110,A,6/14/20 0:00,2020-06-14T00:00:00Z,6/13/20 20:00,179,998,2020-06-14T00:00:00Z,,,,12501,5,954,9018,196989,196989,9972,196989,3,19,7a1373dc0a9d41f463a820a16399802fdd3311c0,0,0,0,0,0,
20200614,AS,0,174,,,,,,,,,C,6/1/20 0:00,2020-06-01T00:00:00Z,5/31/20 20:00,0,,2020-06-01T00:00:00Z,,,,,60,0,0,174,174,0,174,0,0,a7f92ee7b46d1daadf91fe1ec880b62db8a3e7de,0,0,0,0,0,
20200614,AZ,35691,302354,,1457,3726,452,,317,,6333,A+,6/14/20 0:00,2020-06-14T00:00:00Z,6/13/20 20:00,1186,3726,2020-06-14T00:00:00Z,337728,,,35374,4,1233,8415,338045,338045,9648,338045,3,34,49ad7a0f959d01b5c2337b5247d51d80a96e4dd0,0,0,0,0,0,
20200614,CA,148855,2653141,,4247,,1280,,,,,B,6/14/20 0:00,2020-06-14T00:00:00Z,6/13/20 20:00,5063,,2020-06-14T00:00:00Z,2801996,,,148855,6,3212,74391,2801996,2801996,77603,2801996,74,0,5bdf68836b6e269941b2d98ae4c4080e7658dc24,0,0,0,0,0,
20200614,CO,29017,215626,,262,5244,,,,,4178,A,6/13/20 0:00,2020-06-13T00:00:00Z,6/12/20 20:00,1598,5244,2020-06-13T00:00:00Z,,,,26408,8,195,7987,244643,244643,8182,244643,3,10,6d886d6f97502d221ade39a4f9275b83c511c116,0,0,0,0,0,
20200614,CT,45088,304018,,205,9912,,,,,7611,B,6/14/20 16:00,2020-06-14T16:00:00Z,6/14/20 12:00,4201,9912,2020-06-14T16:00:00Z,347190,,,43172,9,94,4758,349106,349106,4852,349106,15,0,7bd5571320d1345f72e9e4d9a09f3a8e1d6f0e33,0,0,0,0,0,
20200614,DC,9767,54763,,186,,71,,50,,1150,A+,6/13/20 0:00,2020-06-13T00:00:00Z,6/12/20 20:00,515,,2020-06-13T00:00:00Z,,,,9767,11,58,1436,64530,64530,1494,64530,4,0,558224b0b77dbd936047d07b289c7421dc9ade56,0,0,0,0,0,
20200614,DE,10264,71523,,93,,,,,,6172,A,6/13/20 18:00,2020-06-13T18:00:00Z,6/13/20 14:00,422,,2020-06-13T18:00:00Z,,,,9313,10,35,1653,81787,81787,1688,81787,3,0,8db9200f140c89893540a0a56c88171a840025fe,0,0,0,0,0,
20200614,FL,75568,1333447,1184,,12224,,,,,,A,6/14/20 10:00,2020-06-14T10:00:00Z,6/14/20 6:00,3022,12224,2020-06-14T10:00:00Z,1658074,101662,1553385,75568,12,2016,36586,1410199,1409015,38602,1409015,6,69,8c6641b21d8d2d33c54bfc7f60f8aa5a17f00a00,0,0,0,0,0,
20200614,GA,57681,563109,,829,9248,,2034,,,,A,6/14/20 14:50,2020-06-14T14:50:00Z,6/14/20 10:50,2451,9248,2020-06-14T14:50:00Z,615466,52357,563109,57681,13,880,20230,620790,620790,21110,620790,5,24,ab9366ad98162d41ad81c270a26b0dbcc2e034bc,0,0,0,0,0,
20200614,GU,185,8358,,,,,,,,168,B,6/14/20 1:25,2020-06-14T01:25:00Z,6/13/20 21:25,5,,2020-06-14T01:25:00Z,8426,176,8249,177,66,0,0,8543,8543,0,8543,0,0,5f6cdceb01b2644bcc1bb94d4b44808fc57263e1,0,0,0,0,0,
20200614,HI,723,59599,,,89,,,,,628,D,6/13/20 18:00,2020-06-13T18:00:00Z,6/13/20 14:00,17,89,2020-06-13T18:00:00Z,69512,723,68789,723,15,17,967,60322,60322,984,60322,0,2,21fcd92b74b2a99759702ce150b3cd51729d7c00,0,0,0,0,0,
20200614,IA,23926,200708,,203,,77,,47,,14383,A+,6/14/20 0:00,2020-06-14T00:00:00Z,6/13/20 20:00,652,,2020-06-14T00:00:00Z,,,,23926,19,209,4817,224634,224634,5026,224634,2,0,611334e647b8f3fb20df0e2c02c988f37bae9f8c,0,0,0,0,0,
20200614,ID,3399,59581,,,266,,98,,,2837,A,6/13/20 19:00,2020-06-13T19:00:00Z,6/13/20 15:00,87,266,2020-06-13T19:00:00Z,62642,,,3061,16,46,276,62980,62980,322,62980,0,1,82c6205caf19ec119ae6a9d656cf14625b9b0638,0,0,0,0,0,
20200614,IL,133404,1058442,,1914,,562,,328,,,A,6/14/20 0:00,2020-06-14T00:00:00Z,6/13/20 20:00,6489,,2020-06-14T00:00:00Z,1190985,,,132543,17,672,21368,1191846,1191846,22040,1191846,19,0,2464a9fc6cb16651ef117d59859f9bed544ef12e,0,0,0,0,0,
20200614,IN,39909,308482,,869,6419,301,1360,113,,28522,A+,6/13/20 23:59,2020-06-13T23:59:00Z,6/13/20 19:59,2422,6419,2020-06-13T23:59:00Z,,,,39909,18,366,7388,348391,348391,7754,348391,9,70,ee0988cf58647880759275938fc9740a192597c8,0,0,0,0,0,
20200614,KS,11047,118105,,,973,,324,,143,667,A,6/12/20 13:30,2020-06-12T13:30:00Z,6/12/20 9:30,243,973,2020-06-12T13:30:00Z,,,,11047,20,0,0,129152,129152,0,129152,0,0,577e5a6b4970f81ef2263a662a9fbc98084353c3,0,0,0,0,0,
20200614,KY,12445,282140,,410,2433,68,969,,,3409,B,6/13/20 0:00,2020-06-13T00:00:00Z,6/12/20 20:00,499,2433,2020-06-13T00:00:00Z,,,,12125,21,0,0,294585,294585,0,294585,0,0,16525cc292ca49f6d3b9914ee0ce25fef9698b09,0,0,0,0,0,
20200614,LA,46619,462713,,556,,,,76,,33904,B,6/14/20 13:00,2020-06-14T13:00:00Z,6/14/20 9:00,3014,,2020-06-14T13:00:00Z,,,,46619,22,336,4613,509332,509332,4949,509332,10,0,2321810812ea47b704b04d10cd7a9cd3a609a796,0,0,0,0,0,
20200614,MA,105603,607107,,1039,10802,244,,156,,,A+,6/14/20 10:00,2020-06-14T10:00:00Z,6/14/20 6:00,7624,10802,2020-06-14T10:00:00Z,,,,101276,25,208,8906,712710,712710,9114,712710,48,30,5cff67e031a1dc0b079d9af1e0af56f1de2755ae,0,0,0,0,0,
20200614,MD,61701,353608,,751,10165,313,,,,4541,B,6/14/20 10:00,2020-06-14T10:00:00Z,6/14/20 6:00,2939,10165,2020-06-14T10:00:00Z,492305,,,61701,24,396,6155,415309,415309,6551,415309,13,112,c797a8d800e6dded4c3632533dcfe53d85356c41,0,0,0,0,0,
20200614,ME,2793,67065,,29,314,10,,5,,2173,B,6/14/20 12:15,2020-06-14T12:15:00Z,6/14/20 8:15,100,314,2020-06-14T12:15:00Z,70589,3413,67065,2486,23,36,1472,69858,69858,1508,69858,0,1,5fb21eb96b985dffce0d2f3a651fb46a61988a29,0,0,0,0,0,
20200614,MI,66054,747444,,636,,253,,139,,44964,A+,6/14/20 0:00,2020-06-14T00:00:00Z,6/13/20 20:00,6016,,2020-06-14T00:00:00Z,829523,82079,747444,59990,26,218,13797,813498,813498,14015,813498,3,0,5378d3d443674480fbb3e38242f0d5cf81208dcb,0,0,0,0,0,
20200614,MN,30471,387239,,369,3610,186,1110,,,26090,A,6/13/20 17:00,2020-06-13T17:00:00Z,6/13/20 13:00,1329,3610,2020-06-13T17:00:00Z,417710,,,30471,27,6,-6,417710,417710,0,417710,15,29,7ddd923557bcde78fbc28340bd4e98375c575448,0,0,0,0,0,
20200614,MO,15810,259679,,647,,,,65,,,B,6/14/20 15:00,2020-06-14T15:00:00Z,6/14/20 11:00,879,,2020-06-14T15:00:00Z,270232,17275,252506,15810,29,0,5693,275489,275489,5693,275489,0,0,9b299782b8240937a6eb1b7338d61d0e8f2e0ec3,0,0,0,0,0,
20200614,MP,30,8139,,,,,,,,19,D,6/14/20 1:43,2020-06-14T01:43:00Z,6/13/20 21:43,2,,2020-06-14T01:43:00Z,8169,,,30,69,0,233,8169,8169,233,8169,0,0,0c2c2f0979ce31e349877210d3cb47b427468480,0,0,0,0,0,
20200614,MS,19516,194537,,667,2665,151,,99,,13356,A,6/14/20 0:00,2020-06-14T00:00:00Z,6/13/20 20:00,891,2665,2020-06-14T00:00:00Z,213753,,,19216,28,168,0,214053,214053,168,214053,2,21,cb6a99c901319526c7a58e15025cb8ec081e582f,0,0,0,0,0,
20200614,MT,601,58306,,6,77,,,,,510,C,6/14/20 0:00,2020-06-14T00:00:00Z,6/13/20 20:00,19,77,2020-06-14T00:00:00Z,,,,601,30,13,890,58907,58907,903,58907,1,0,0104ac3e67c43f4966e81ae9eb6fe0c3f2b42883,0,0,0,0,0,
20200614,NC,44119,583011,,798,,,,,,23653,A,6/14/20 12:00,2020-06-14T12:00:00Z,6/14/20 8:00,1109,,2020-06-14T12:00:00Z,,,,44119,37,1443,13997,627130,627130,15440,627130,5,0,413d324246f293fd75933b426331db59a383be47,0,0,0,0,0,
20200614,ND,3080,83800,,35,197,,,,,2658,F,6/14/20 12:00,2020-06-14T12:00:00Z,6/14/20 8:00,77,197,2020-06-14T12:00:00Z,131874,,,3080,38,22,985,86880,86880,1007,86880,0,0,0180d4816f0c3ba1fb741ff5f5c33db106e0a416,0,0,0,0,0,
20200614,NE,16633,119482,,156,1070,,,,,9879,D,6/13/20 20:00,2020-06-13T20:00:00Z,6/13/20 16:00,216,1070,2020-06-13T20:00:00Z,,,,16633,31,120,1618,136115,136115,1738,136115,0,3,327e09ba80c4c78f9b20155ebdff1edb5f79c410,0,0,0,0,0,
20200614,NH,5299,91122,,70,513,,152,,,3905,B,6/13/20 9:00,2020-06-13T09:00:00Z,6/13/20 5:00,318,513,2020-06-13T09:00:00Z,,,,5299,33,48,2417,96421,96421,2465,96421,3,10,0c11c9228b01cae974d3df6cfdab40e9335e80fd,0,0,0,0,0,
20200614,NJ,166881,930735,,1391,18737,386,,285,,28714,A+,6/14/20 13:00,2020-06-14T13:00:00Z,6/14/20 9:00,12625,18737,2020-06-14T13:00:00Z,,,,166881,34,276,19125,1097616,1097616,19401,1097616,36,30,215fb146372598006b1829668e35dd97fd26af1f,0,0,0,0,0,
20200614,NM,9621,249373,,172,1625,,,,,4072,C,6/13/20 18:03,2020-06-13T18:03:00Z,6/13/20 14:03,431,1625,2020-06-13T18:03:00Z,,,,9621,35,95,3615,258994,258994,3710,258994,5,0,73a7f452293363d9b8a0e0515d1e9de077b6211e,0,0,0,0,0,
20200614,NV,11173,199438,,332,,83,,69,,627,A+,6/14/20 11:30,2020-06-14T11:30:00Z,6/14/20 7:30,464,,2020-06-14T11:30:00Z,241729,,,11173,32,227,5504,210611,210611,5731,210611,1,0,cea2631e88fac12a2acc3bfb72aaaa5ba168223e,0,0,0,0,0,
20200614,NY,383324,2551275,,1657,89995,499,,346,,68761,A,6/13/20 0:00,2020-06-13T00:00:00Z,6/12/20 20:00,24551,89995,2020-06-13T00:00:00Z,,,,383324,36,694,61665,2934599,2934599,62359,2934599,24,0,f807fc3c2646802e57ff5f1b55a02e67139c1bd2,0,0,0,0,0,
20200614,OH,41148,505072,,511,6895,216,1762,145,,,B,6/14/20 14:00,2020-06-14T14:00:00Z,6/14/20 10:00,2557,6895,2020-06-14T14:00:00Z,,,,38188,39,300,7022,546220,546220,7322,546220,3,31,7b77c138ff10158e4e894a048eb7ec0531cc5da5,0,0,0,0,0,
20200614,OK,8231,242587,,149,1116,67,,,,6578,A+,6/13/20 8:00,2020-06-13T08:00:00Z,6/13/20 4:00,359,1116,2020-06-13T08:00:00Z,252624,9456,242587,8073,40,158,4221,250818,250818,4379,250818,0,5,c212b92adf6a0dbd0b8b6cd4196070cf1c86604a,0,0,0,0,0,
20200614,OR,5377,160812,,133,875,47,,15,,2396,A+,6/12/20 3:01,2020-06-12T03:01:00Z,6/11/20 23:01,173,875,2020-06-12T03:01:00Z,,,,5207,41,0,0,166189,166189,0,166189,0,0,0ff3e59979479783300bd44f7f1616b491c5eaa7,0,0,0,0,0,
20200614,PA,78798,504435,,852,,,,189,,58310,A+,6/14/20 0:00,2020-06-14T00:00:00Z,6/13/20 20:00,6215,,2020-06-14T00:00:00Z,,,,76567,42,336,7846,583233,583233,8182,583233,4,0,07ce701debfaa601974571b0c83a907005f1a0e9,0,0,0,0,0,
20200614,PR,5811,,,110,,6,,2,,,C,6/14/20 6:30,2020-06-14T06:30:00Z,6/14/20 2:30,147,,2020-06-14T06:30:00Z,61515,,,1471,72,121,0,5811,5811,121,5811,1,0,014d820b91388f77a5bd6ee3d2f69d74dbbe3013,0,0,0,0,0,
20200614,RI,15947,175571,,141,1853,28,,17,,1435,A+,6/12/20 12:00,2020-06-12T12:00:00Z,6/12/20 8:00,833,1853,2020-06-12T12:00:00Z,,,,15947,44,0,0,191518,191518,0,191518,0,0,1327e7ad278c2bc72a35836bcaa7ab43dbd047f5,0,0,0,0,0,
20200614,SC,18795,229541,,521,1988,,,,,8682,A+,6/14/20 15:00,2020-06-14T15:00:00Z,6/14/20 11:00,600,1988,2020-06-14T15:00:00Z,255096,25555,229541,18795,45,840,5590,248336,248336,6430,248336,1,0,2288d8d2d597a00f9333d52d6ac1fc84787fc804,0,0,0,0,0,
20200614,SD,5898,59421,,87,539,,,,,4899,B,6/13/20 18:00,2020-06-13T18:00:00Z,6/13/20 14:00,75,539,2020-06-13T18:00:00Z,,,,5898,46,65,741,65319,65319,806,65319,0,8,de955b550da3648218379f2cab7e4aa715f34f3c,0,0,0,0,0,
20200614,TN,30432,584788,,,2087,,,,,19896,B,6/14/20 15:00,2020-06-14T15:00:00Z,6/14/20 11:00,475,2087,2020-06-14T15:00:00Z,615043,35423,579620,30255,47,891,12967,615220,615220,13858,615220,3,14,7181dc963d4f00f4578a2bcd3415b7c32522a1d8,0,0,0,0,0,
20200614,TX,87854,1208129,,2287,,,,,,58341,B,6/14/20 16:00,2020-06-14T16:00:00Z,6/14/20 12:00,1976,,2020-06-14T16:00:00Z,1295983,,,,48,1843,33821,1295983,1295983,35664,1295983,19,0,d79f1ef3f4af12437b92393ede83e9d6c84d3db9,0,0,0,0,0,
20200614,UT,14313,253400,,178,1028,,302,,134,8252,B,6/14/20 10:57,2020-06-14T10:57:00Z,6/14/20 6:57,139,1028,2020-06-14T10:57:00Z,,,,14313,49,332,4599,267713,267713,4931,267713,0,16,dc8cba457631e13a4e30cde43ac7808df594bc1f,0,0,0,0,0,
20200614,VA,54506,414494,302,958,8136,334,,155,,7178,A+,6/13/20 17:00,2020-06-13T17:00:00Z,6/13/20 13:00,1546,8136,2020-06-13T17:00:00Z,466597,,,52103,51,637,8370,469302,469000,9007,469000,5,46,9572a317c7b29aa80d617fbfcbb0600d5eabab4c,0,0,0,0,0,
20200614,VI,72,2305,2,,,,,,,64,C,6/14/20 7:55,2020-06-14T07:55:00Z,6/14/20 3:55,6,,2020-06-14T07:55:00Z,,,,72,78,0,21,2379,2377,21,2377,0,0,19be18fb4a95eeca57f0bed2749c0c659ad4bc54,0,0,0,0,0,
20200614,VT,1127,49855,,26,,,,,,909,B,6/14/20 0:00,2020-06-14T00:00:00Z,6/13/20 20:00,55,,2020-06-14T00:00:00Z,,,,1127,50,2,1047,50982,50982,1049,50982,0,0,e93744ef32419888344b750da557650a92fdf5ab,0,0,0,0,0,
20200614,WA,25538,424608,,229,3845,,,49,,,B,6/13/20 2:59,2020-06-13T02:59:00Z,6/12/20 22:59,1213,3845,2020-06-13T02:59:00Z,,,,25538,53,367,9917,450146,450146,10284,450146,9,28,220f228738ab382c41047468c09e85d96d9ead29,0,0,0,0,0,
20200614,WI,22758,397366,184,289,3049,101,680,,,16558,A+,6/14/20 16:00,2020-06-14T16:00:00Z,6/14/20 12:00,692,3049,2020-06-14T16:00:00Z,,,,22758,55,240,8967,420308,420124,9207,420124,1,14,ba6b18a61dfea8124f4e7038a40a840b06f33630,0,0,0,0,0,
20200614,WV,2289,128910,,30,,8,,2,,1571,B,6/14/20 10:00,2020-06-14T10:00:00Z,6/14/20 6:00,88,,2020-06-14T10:00:00Z,,,,2213,54,30,3652,131199,131199,3682,131199,0,0,9be3f73d8b6f89e1fa680694daaac5eeb36949d0,0,0,0,0,0,
20200614,WY,1060,32005,,5,93,,,,,834,C,6/14/20 12:00,2020-06-14T12:00:00Z,6/14/20 8:00,18,93,2020-06-14T12:00:00Z,32387,941,30446,841,56,10,0,33065,33065,10,33065,0,0,798c6ca988dd08019113ff4cf6a88d1dbc26c604,0,0,0,0,0,
20200613,AK,654,71149,,12,,,,2,,405,A,6/13/20 0:00,2020-06-13T00:00:00Z,6/12/20 20:00,12,,2020-06-13T00:00:00Z,71803,,,,2,29,894,71803,71803,923,71803,0,0,fd7214547e7a6c8b8153a5a26cb57fa373d2653e,0,0,0,0,0,
20200613,AL,24601,268651,,622,2241,,672,,395,13508,B,6/13/20 11:00,2020-06-13T11:00:00Z,6/13/20 7:00,773,2241,2020-06-13T11:00:00Z,,,,24221,1,891,5976,293252,293252,6867,293252,4,39,fbbaf3e55677cc7d1eed550a654b675e362268f7,0,0,0,0,0,
20200613,AR,11547,175470,,203,979,,,49,160,7607,A,6/13/20 0:00,2020-06-13T00:00:00Z,6/12/20 20:00,176,979,2020-06-13T00:00:00Z,,,,11547,5,0,5895,187017,187017,5895,187017,0,18,51267156707bdb86f0a40abe6d5a71bc07b53e10,0,0,0,0,0,
20200613,AS,0,174,,,,,,,,,C,6/1/20 0:00,2020-06-01T00:00:00Z,5/31/20 20:00,0,,2020-06-01T00:00:00Z,,,,,60,0,0,174,174,0,174,0,0,6de298564b96651ea5ba89430d7ace0132db497f,0,0,0,0,0,
20200613,AZ,34458,293939,,1412,3692,447,,309,,6209,A+,6/13/20 0:00,2020-06-13T00:00:00Z,6/12/20 20:00,1183,3692,2020-06-13T00:00:00Z,328085,,,34146,4,1540,15621,328397,328397,17161,328397,39,70,25524dee11d0758cb69b3a22cd09636269c5dc94,0,0,0,0,0,
20200613,CA,145643,2578750,,4411,,1313,,,,,B,6/13/20 0:00,2020-06-13T00:00:00Z,6/12/20 20:00,4989,,2020-06-13T00:00:00Z,2724393,,,145643,6,3660,58475,2724393,2724393,62135,2724393,46,0,0ad5825c937c99da65bdb60333b4625c91134585,0,0,0,0,0,
20200613,CO,28822,207639,,274,5234,,,,,4184,A,6/12/20 0:00,2020-06-12T00:00:00Z,6/11/20 20:00,1595,5234,2020-06-12T00:00:00Z,,,,28822,8,175,1916,236461,236461,2091,236461,12,177,b3186a880462d4df6b7aa6e40e8177f08d5e1400,0,0,0,0,0,
20200613,CT,44994,299260,,233,9912,,,,,7611,B,6/12/20 20:30,2020-06-12T20:30:00Z,6/12/20 16:30,4186,9912,2020-06-12T20:30:00Z,342338,,,43078,9,305,13695,344254,344254,14000,344254,27,0,fc83ac147cd27bdcc4f52cb3556103ae83389b1b,0,0,0,0,0,
20200613,DC,9709,53327,,197,,78,,52,,1143,A+,6/12/20 0:00,2020-06-12T00:00:00Z,6/11/20 20:00,511,,2020-06-12T00:00:00Z,,,,9709,11,55,1028,63036,63036,1083,63036,5,0,308d27dd443f26d01950395d832b11b6759aabcd,0,0,0,0,0,
20200613,DE,10229,69870,,93,,,,,,6116,A,6/12/20 18:00,2020-06-12T18:00:00Z,6/12/20 14:00,419,,2020-06-12T18:00:00Z,,,,9278,10,56,2349,80099,80099,2405,80099,5,0,505f5c35817a712364a9e620449c3c75aaa9f648,0,0,0,0,0,
20200613,FL,73552,1296861,1241,,12155,,,,,,A,6/13/20 10:00,2020-06-13T10:00:00Z,6/13/20 6:00,3016,12155,2020-06-13T10:00:00Z,1612617,99168,1510430,73552,12,2581,31933,1371654,1370413,34514,1370413,49,169,17111cee25ed9e9471de17a8d086542bf2210a84,0,0,0,0,0,
20200613,GA,56801,542879,,810,9224,,2029,,,,A,6/13/20 14:00,2020-06-13T14:00:00Z,6/13/20 10:00,2446,9224,2020-06-13T14:00:00Z,599680,51203,548477,56801,13,1018,6704,599680,599680,7722,599680,28,43,a84299efcf86c8d9e56ca779207b4c447fe0d17e,0,0,0,0,0,
20200613,GU,185,8358,,,,,,,,168,B,6/13/20 0:30,2020-06-13T00:30:00Z,6/12/20 20:30,5,,2020-06-13T00:30:00Z,8426,174,8249,185,66,1,15,8543,8543,16,8543,0,0,8f548197a3b91e246bdb78be347da1e3147f9bf3,0,0,0,0,0,
20200613,HI,706,58632,,,87,,,,,627,D,6/12/20 18:00,2020-06-12T18:00:00Z,6/12/20 14:00,17,87,2020-06-12T18:00:00Z,68738,706,68032,706,15,14,745,59338,59338,759,59338,0,1,e644c320c30c93c18685c9b637f9c63a9e6eae30,0,0,0,0,0,
20200613,IA,23717,195891,,200,,76,,43,,14326,A+,6/13/20 0:00,2020-06-13T00:00:00Z,6/12/20 20:00,650,,2020-06-13T00:00:00Z,,,,23717,19,380,4684,219608,219608,5064,219608,7,0,6649ef8cf6cdf245d35af5ef84f8f8a6878ba0e0,0,0,0,0,0,
20200613,ID,3353,59305,,,265,,98,,,2776,A,6/12/20 19:00,2020-06-12T19:00:00Z,6/12/20 15:00,87,265,2020-06-12T19:00:00Z,62328,,,3023,16,51,1175,62658,62658,1226,62658,1,0,5c5d6f91bac88152eb7889b38b4d3b4f590103ad,0,0,0,0,0,
20200613,IL,132732,1037074,,2117,,610,,352,,,A,6/13/20 0:00,2020-06-13T00:00:00Z,6/12/20 20:00,6470,,2020-06-13T00:00:00Z,1168945,,,131871,17,673,21171,1169806,1169806,21844,1169806,29,0,04842b2d21a25d8934c1be68f184acdb3042710e,0,0,0,0,0,
20200613,IN,39543,301094,,871,6349,316,1354,118,,28241,A+,6/12/20 23:59,2020-06-12T23:59:00Z,6/12/20 19:59,2413,6349,2020-06-12T23:59:00Z,,,,39543,18,397,5060,340637,340637,5457,340637,17,0,51cf74715e92d03c5e22b7f679cf86fd8ba3981a,0,0,0,0,0,
20200613,KS,11047,118105,,,973,,324,,143,667,A,6/12/20 13:30,2020-06-12T13:30:00Z,6/12/20 9:30,243,973,2020-06-12T13:30:00Z,,,,11047,20,0,0,129152,129152,0,129152,0,0,6ef60d6a5e5a0171c5f9ac1c372f4ec03e941a31,0,0,0,0,0,
20200613,KY,12445,282140,,410,2433,68,969,,,3409,B,6/13/20 0:00,2020-06-13T00:00:00Z,6/12/20 20:00,499,2433,2020-06-13T00:00:00Z,,,,12125,21,500,12991,294585,294585,13491,294585,6,27,738084e795e726203b9a1ea15b8ecd1f08fb8d87,0,0,0,0,0,
20200613,LA,46283,458100,,542,,,,76,,33904,B,6/13/20 13:00,2020-06-13T13:00:00Z,6/13/20 9:00,3004,,2020-06-13T13:00:00Z,,,,46283,22,1288,23561,504383,504383,24849,504383,8,0,81a004e2d6c9b1a45ddb07c7229eaad986b37558,0,0,0,0,0,
20200613,MA,105395,598201,,1069,10772,249,,162,,,A+,6/13/20 10:00,2020-06-13T10:00:00Z,6/13/20 6:00,7576,10772,2020-06-13T10:00:00Z,,,,101070,25,336,9901,703596,703596,10237,703596,38,46,808f0711af07248b12ea8bc421138d970f4dcb13,0,0,0,0,0,
20200613,MD,61305,347453,,799,10053,321,,,,4536,B,6/13/20 10:00,2020-06-13T10:00:00Z,6/13/20 6:00,2926,10053,2020-06-13T10:00:00Z,483826,,,61305,24,692,7971,408758,408758,8663,408758,26,130,662c9c18d461a2745e70380c4a6f18b0a8187372,0,0,0,0,0,
20200613,ME,2757,65593,,29,313,10,,4,,2152,B,6/13/20 12:15,2020-06-13T12:15:00Z,6/13/20 8:15,100,313,2020-06-13T12:15:00Z,69073,3370,65593,2452,23,36,1427,68350,68350,1463,68350,0,5,49c3e4b19b8b04da25012fbe9a6e023f424be353,0,0,0,0,0,
20200613,MI,65836,733647,,636,,253,,139,,44964,A+,6/13/20 0:00,2020-06-13T00:00:00Z,6/12/20 20:00,6013,,2020-06-13T00:00:00Z,815374,81727,733647,59801,26,164,13032,799483,799483,13196,799483,23,0,0371a838347a120624e3af5174a24e1d0a25539a,0,0,0,0,0,
20200613,MN,30465,387245,,390,3581,191,1104,,,25620,A,6/12/20 17:00,2020-06-12T17:00:00Z,6/12/20 13:00,1314,3581,2020-06-12T17:00:00Z,417710,,,30172,27,2,9656,417710,417710,9658,417710,9,24,85a600cfaea96e3445f05786b7a11892ff5b0f5e,0,0,0,0,0,
20200613,MO,15810,253986,,595,,,,69,,,B,6/13/20 15:00,2020-06-13T15:00:00Z,6/13/20 11:00,879,,2020-06-13T15:00:00Z,270232,17275,252506,15810,29,225,4436,269796,269796,4661,269796,7,0,329e1292c8b2abfd625fd0e419e6cbf4ba24ddb1,0,0,0,0,0,
20200613,MP,30,7906,,,,,,,,19,D,6/12/20 18:18,2020-06-12T18:18:00Z,6/12/20 14:18,2,,2020-06-12T18:18:00Z,7936,,,30,69,0,174,7936,7936,174,7936,0,0,ff4c20f484b0be70874cdffb0086b5c0493d1d56,0,0,0,0,0,
20200613,MS,19348,194537,,684,2644,160,,103,,13356,A,6/12/20 19:00,2020-06-12T19:00:00Z,6/12/20 15:00,889,2644,2020-06-12T19:00:00Z,213753,,,19216,28,257,-865,213885,213885,-608,213885,8,1,8a669d6b6af8a36f39893b25b158026ed17774f2,0,0,0,0,0,
20200613,MT,588,57416,,7,77,,,,,510,C,6/13/20 0:00,2020-06-13T00:00:00Z,6/12/20 20:00,18,77,2020-06-13T00:00:00Z,,,,588,30,15,967,58004,58004,982,58004,0,0,b3ee4965a89069691e267c6237711649ef4a3fe6,0,0,0,0,0,
20200613,NC,42676,569014,,823,,,,,,23653,A,6/13/20 12:07,2020-06-13T12:07:00Z,6/13/20 8:07,1104,,2020-06-13T12:07:00Z,,,,42676,37,1427,14566,611690,611690,15993,611690,12,0,ddd9246c1039a44bcfb4463e7de4ff29b019b8f7,0,0,0,0,0,
20200613,ND,3058,82815,,35,197,,,,,2630,F,6/13/20 12:00,2020-06-13T12:00:00Z,6/13/20 8:00,77,197,2020-06-13T12:00:00Z,129794,,,3058,38,42,1667,85873,85873,1709,85873,0,0,b79dcbad2c1a0900dde9ce105f6ca50b8d139ac5,0,0,0,0,0,
20200613,NE,16513,117864,,157,1067,,,,,9610,D,6/12/20 19:00,2020-06-12T19:00:00Z,6/12/20 15:00,216,1067,2020-06-12T19:00:00Z,,,,16513,31,198,3406,134377,134377,3604,134377,4,38,0a5328b8d02c1d3ec0d8561a21d8f13a4838b3e4,0,0,0,0,0,
20200613,NH,5251,88705,,76,503,,149,,,3843,B,6/12/20 9:00,2020-06-12T09:00:00Z,6/12/20 5:00,315,503,2020-06-12T09:00:00Z,,,,5251,33,42,1997,93956,93956,2039,93956,7,-1,30649c2f81a425452c0d5605ee41794c95e94fd7,0,0,0,0,0,
20200613,NJ,166605,911610,,1395,18707,409,,279,,28606,A+,6/13/20 13:00,2020-06-13T13:00:00Z,6/13/20 9:00,12589,18707,2020-06-13T13:00:00Z,,,,166605,34,441,22378,1078215,1078215,22819,1078215,100,100,8465dafe0081d6ed37182a58193a5dcac245117c,0,0,0,0,0,
20200613,NM,9526,245758,,179,1625,,,,,3983,C,6/12/20 17:30,2020-06-12T17:30:00Z,6/12/20 13:30,426,1625,2020-06-12T17:30:00Z,,,,9526,35,0,0,255284,255284,0,255284,0,0,ba6b312ea5a5689785b81c5906596dc110861211,0,0,0,0,0,
20200613,NV,10946,193934,,351,,81,,43,,627,A+,6/13/20 11:30,2020-06-13T11:30:00Z,6/13/20 7:30,463,,2020-06-13T11:30:00Z,235500,,,10946,32,268,5165,204880,204880,5433,204880,1,0,0bc1cade3693b0e38ea7bc5aa9209fe1ec26a5ad,0,0,0,0,0,
20200613,NY,382630,2489610,,1734,89995,517,,360,,68584,A,6/12/20 0:00,2020-06-12T00:00:00Z,6/11/20 20:00,24527,89995,2020-06-12T00:00:00Z,,,,382630,36,916,69924,2872240,2872240,70840,2872240,32,0,fc7045a058c6900c23e63fea1169e0001b87fe29,0,0,0,0,0,
20200613,OH,40848,498050,,516,6864,230,1754,152,,,B,6/13/20 14:00,2020-06-13T14:00:00Z,6/13/20 10:00,2554,6864,2020-06-13T14:00:00Z,,,,37893,39,424,14756,538898,538898,15180,538898,46,50,0b57d8a99d3b436b2ee852259845af2e3b6ee72b,0,0,0,0,0,
20200613,OK,8073,238366,,154,1111,67,,,,6495,A+,6/12/20 8:00,2020-06-12T08:00:00Z,6/12/20 4:00,359,1111,2020-06-12T08:00:00Z,248091,9456,238366,7848,40,225,0,246439,246439,225,246439,0,8,a7c600527e90ea88a63a0e3dd1701faa67e60ecd,0,0,0,0,0,
20200613,OR,5377,160812,,133,875,47,,15,,2396,A+,6/12/20 3:01,2020-06-12T03:01:00Z,6/11/20 23:01,173,875,2020-06-12T03:01:00Z,,,,5207,41,0,0,166189,166189,0,166189,0,0,7eb7f66c55cb49d047a20c56e5a2ff4d636c7bc0,0,0,0,0,0,
20200613,PA,78462,496589,,875,,,,192,,58061,A+,6/13/20 0:00,2020-06-13T00:00:00Z,6/12/20 20:00,6211,,2020-06-13T00:00:00Z,,,,76237,42,463,8204,575051,575051,8667,575051,49,0,2f67df45a33b2e2d25aff216b5e615cd7e1e8b4c,0,0,0,0,0,
20200613,PR,5690,,,117,,4,,3,,,C,6/13/20 6:30,2020-06-13T06:30:00Z,6/13/20 2:30,146,,2020-06-13T06:30:00Z,61515,,,1460,72,154,0,5690,5690,154,5690,0,0,3c5e65868db02ecaebc3c26fc0af37d2e12b36e5,0,0,0,0,0,
20200613,RI,15947,175571,,141,1853,28,,17,,1435,A+,6/12/20 12:00,2020-06-12T12:00:00Z,6/12/20 8:00,833,1853,2020-06-12T12:00:00Z,,,,15947,44,0,0,191518,191518,0,191518,0,0,9f3067d76f92bd405af22045ceb1226b2d7cfdc8,0,0,0,0,0,
20200613,SC,17955,223951,,523,1988,,,,,8682,A+,6/13/20 15:00,2020-06-13T15:00:00Z,6/13/20 11:00,599,1988,2020-06-13T15:00:00Z,248562,24611,223951,17955,45,785,5062,241906,241906,5847,241906,6,0,3f35fe66fadfe1e983d0c1c8f28e0a5a8d31cc3a,0,0,0,0,0,
20200613,SD,5833,58680,,85,531,,,,,4828,B,6/13/20 12:00,2020-06-13T12:00:00Z,6/13/20 8:00,75,531,2020-06-13T12:00:00Z,,,,5833,46,91,1417,64513,64513,1508,64513,1,6,42ad09b6b1b02e4f93c9fccafef5a7ad9293064d,0,0,0,0,0,
20200613,TN,29541,571821,,,2073,,,,,19731,B,6/13/20 15:00,2020-06-13T15:00:00Z,6/13/20 11:00,472,2073,2020-06-13T15:00:00Z,601161,34409,566752,29340,47,415,10774,601362,601362,11189,601362,4,24,78e6c1aee3b11254947c833dc8fa773d9d53a9cc,0,0,0,0,0,
20200613,TX,86011,1174308,,2242,,,,,,56535,B,6/13/20 16:50,2020-06-13T16:50:00Z,6/13/20 12:50,1957,,2020-06-13T16:50:00Z,1260319,,,,48,2331,31031,1260319,1260319,33362,1260319,18,0,aeb11cd75cb97ef9a5be80c2f455ce1d1dbffa80,0,0,0,0,0,
20200613,UT,13981,248801,,236,1012,,300,,132,8114,B,6/13/20 10:30,2020-06-13T10:30:00Z,6/13/20 6:30,139,1012,2020-06-13T10:30:00Z,,,,13981,49,404,3592,262782,262782,3996,262782,0,24,75b736e9cf7aec86c57b2de543c92f73a0125714,0,0,0,0,0,
20200613,VA,53869,406124,283,959,8090,295,,142,,7131,A+,6/12/20 17:00,2020-06-12T17:00:00Z,6/12/20 13:00,1541,8090,2020-06-12T17:00:00Z,457623,,,51499,51,658,8805,460276,459993,9463,459993,7,62,4d66e8544bfef3d7604c2cedab9e8ad028ef6c1b,0,0,0,0,0,
20200613,VI,72,2284,7,,,,,,,64,C,6/12/20 19:53,2020-06-12T19:53:00Z,6/12/20 15:53,6,,2020-06-12T19:53:00Z,,,,72,78,0,63,2363,2356,63,2356,0,0,29a95a75600793ead70d9d82861f1ab425b47771,0,0,0,0,0,
20200613,VT,1125,48808,,11,,,,,,908,B,6/13/20 0:00,2020-06-13T00:00:00Z,6/12/20 20:00,55,,2020-06-13T00:00:00Z,,,,1125,50,6,1293,49933,49933,1299,49933,0,0,53edb0c2d900973b97b36c5ccb723c1fa446126c,0,0,0,0,0,
20200613,WA,25171,414691,,225,3817,,,43,,,B,6/12/20 2:59,2020-06-12T02:59:00Z,6/11/20 22:59,1204,3817,2020-06-12T02:59:00Z,,,,25171,53,392,14258,439862,439862,14650,439862,10,45,3803b11e21b84774c64ff60f046465d2db6f7400,0,0,0,0,0,
20200613,WI,22518,388399,167,285,3035,99,677,,,16231,A+,6/13/20 16:00,2020-06-13T16:00:00Z,6/13/20 12:00,691,3035,2020-06-13T16:00:00Z,,,,22518,55,272,11037,411084,410917,11309,410917,2,32,5c52c58c6f611489edaa3524240f2b8d37c1e813,0,0,0,0,0,
20200613,WV,2259,125258,,29,,9,,2,,1568,B,6/13/20 10:00,2020-06-13T10:00:00Z,6/13/20 6:00,88,,2020-06-13T10:00:00Z,,,,2183,54,26,3452,127517,127517,3478,127517,2,0,2d21063808e4174a913d17050da2c67996683f58,0,0,0,0,0,
20200613,WY,1050,32005,,5,93,,,,,833,C,6/13/20 12:00,2020-06-13T12:00:00Z,6/13/20 8:00,18,93,2020-06-13T12:00:00Z,32387,941,30446,832,56,23,1132,33055,33055,1155,33055,0,1,ff0662cb2c5107456864519d35d63145d95d3c45,0,0,0,0,0,
20200612,AK,625,70255,,15,,,,3,,403,A,6/12/20 0:00,2020-06-12T00:00:00Z,6/11/20 20:00,12,,2020-06-12T00:00:00Z,70880,,,,2,14,1855,70880,70880,1869,70880,1,0,5f1a4d5e430995ef9030e190ec73783f54ae0d34,0,0,0,0,0,
20200612,AL,23710,262675,,622,2202,,658,,384,13508,B,6/12/20 11:00,2020-06-12T11:00:00Z,6/12/20 7:00,769,2202,2020-06-12T11:00:00Z,,,,23333,1,865,6694,286385,286385,7559,286385,14,37,dcbcb0ffeb87d85d6579b48479e7c00de3059a96,0,0,0,0,0,
20200612,AR,11547,169575,,203,961,,,49,157,7607,A,6/12/20 15:10,2020-06-12T15:10:00Z,6/12/20 11:10,176,961,2020-06-12T15:10:00Z,,,,11547,5,731,3726,181122,181122,4457,181122,5,36,4bee2db901732ed74238ccbf11e271ba60bcc9fe,0,0,0,0,0,
20200612,AS,0,174,,,,,,,,,C,6/1/20 0:00,2020-06-01T00:00:00Z,5/31/20 20:00,0,,2020-06-01T00:00:00Z,,,,,60,0,0,174,174,0,174,0,0,ba79cae0ba7e6ce817ec720ab5b17bca838471c3,0,0,0,0,0,
20200612,AZ,32918,278318,,1336,3622,429,,278,,5980,A+,6/12/20 0:00,2020-06-12T00:00:00Z,6/11/20 20:00,1144,3622,2020-06-12T00:00:00Z,320816,,,30955,4,1654,0,311236,311236,1654,311236,17,91,7e588d0ceb11906740fae70a21bf967f3b6bed91,0,0,0,0,0,
20200612,CA,141983,2520275,,4480,,1310,,,,,B,6/12/20 0:00,2020-06-12T00:00:00Z,6/11/20 20:00,4943,,2020-06-12T00:00:00Z,2662258,,,141983,6,2702,61909,2662258,2662258,64611,2662258,62,0,da15f0aa6a0118c48a65d740689db764ca4f1811,0,0,0,0,0,
20200612,CO,28647,205723,,279,5057,,,,,4169,A,6/12/20 0:00,2020-06-12T00:00:00Z,6/11/20 20:00,1583,5057,2020-06-12T00:00:00Z,,,,26040,8,148,3877,234370,234370,4025,234370,10,22,c3bbc26f2d5f6b43051ff92896aa21fe5346d05e,0,0,0,0,0,
20200612,CT,44689,285565,,244,9912,,,,,7611,B,6/11/20 20:30,2020-06-11T20:30:00Z,6/11/20 16:30,4159,9912,2020-06-11T20:30:00Z,328353,,,42788,9,228,8078,330254,330254,8306,330254,13,0,69d8005b4abaacc8b17b74587b2aaec6c8b22976,0,0,0,0,0,
20200612,DC,9654,52299,,212,,82,,57,,1143,A+,6/11/20 0:00,2020-06-11T00:00:00Z,6/10/20 20:00,506,,2020-06-11T00:00:00Z,,,,9654,11,65,2600,61953,61953,2665,61953,4,0,5f18ff4ce4b3fcd9be0839ce787210b87e4bd79b,0,0,0,0,0,
20200612,DE,10173,67521,,100,,,,,,6062,A,6/11/20 18:00,2020-06-11T18:00:00Z,6/11/20 14:00,414,,2020-06-11T18:00:00Z,,,,9222,10,67,3594,77694,77694,3661,77694,-24,0,61a468ec644caaa510b2b8aae2f11a6b68667e77,0,0,0,0,0,
20200612,FL,70971,1264928,1242,,11986,,,,,,A,6/12/20 10:00,2020-06-12T10:00:00Z,6/12/20 6:00,2967,11986,2020-06-12T10:00:00Z,1571222,96007,1472224,70971,12,1902,27249,1337141,1335899,29151,1335899,29,136,2a37050e68105cc7d0992bf245f574d9d1562bce,0,0,0,0,0,
20200612,GA,55783,536175,,836,9181,,2021,,,,A,6/12/20 14:50,2020-06-12T14:50:00Z,6/12/20 10:50,2418,9181,2020-06-12T14:50:00Z,586426,50251,536175,55783,13,810,6907,591958,591958,7717,591958,43,108,0d961526be894b540ac7c4ddefb670de8c0dd10b,0,0,0,0,0,
20200612,GU,184,8343,,,,,,,,168,B,6/12/20 5:00,2020-06-12T05:00:00Z,6/12/20 1:00,5,,2020-06-12T05:00:00Z,8426,174,8249,174,66,1,146,8527,8527,147,8527,0,0,46688d6a6e59f3c2f603ef7549c4e184ec184195,0,0,0,0,0,
20200612,HI,692,57887,,,86,,,,,623,D,6/11/20 18:00,2020-06-11T18:00:00Z,6/11/20 14:00,17,86,2020-06-11T18:00:00Z,67392,692,66700,692,15,7,1277,58579,58579,1284,58579,0,1,f4257949f5036ae299f5f8f35863aee1d14ca65a,0,0,0,0,0,
20200612,IA,23337,191207,,225,,81,,47,,14227,A+,6/12/20 0:00,2020-06-12T00:00:00Z,6/11/20 20:00,643,,2020-06-12T00:00:00Z,,,,23337,19,399,5606,214544,214544,6005,214544,4,0,eab07851bec67f19e026ddf2fcdb95eab668986f,0,0,0,0,0,
20200612,ID,3302,58130,,,265,,98,,,2684,A,6/11/20 19:00,2020-06-11T19:00:00Z,6/11/20 15:00,86,265,2020-06-11T19:00:00Z,61114,,,2984,16,42,1275,61432,61432,1317,61432,1,3,aae6a889b7b3124d6c5cac3b4d25d49a55fe9ca6,0,0,0,0,0,
20200612,IL,132059,1015903,,2209,,648,,375,,,A,6/12/20 0:00,2020-06-12T00:00:00Z,6/11/20 20:00,6441,,2020-06-12T00:00:00Z,1147101,,,131198,17,732,24179,1147962,1147962,24911,1147962,78,0,91aecc573cb60def08bb4f7a1fd9d6a2d13836a6,0,0,0,0,0,
20200612,IN,39146,296034,,906,6349,329,1354,116,,27811,A+,6/11/20 23:59,2020-06-11T23:59:00Z,6/11/20 19:59,2396,6349,2020-06-11T23:59:00Z,,,,39146,18,398,7440,335180,335180,7838,335180,16,35,22fcd5dcd9df3e92b3ff71a97ddb71edb9fc309d,0,0,0,0,0,
20200612,KS,11047,118105,,,973,,324,,143,667,A,6/12/20 13:30,2020-06-12T13:30:00Z,6/12/20 9:30,243,973,2020-06-12T13:30:00Z,,,,11047,20,235,5175,129152,129152,5410,129152,3,19,7cf33ebc8063a091cc0149deaf88c02b90fd4b74,0,0,0,0,0,
20200612,KY,11945,269149,,514,2406,81,967,,,3379,B,6/11/20 0:00,2020-06-11T00:00:00Z,6/10/20 20:00,493,2406,2020-06-11T00:00:00Z,,,,11637,21,0,0,281094,281094,0,281094,0,0,3ad89ada6f2e6d1953282628711934a519ff0fe0,0,0,0,0,0,
20200612,LA,44995,434539,,549,,,,74,,33904,B,6/12/20 13:00,2020-06-12T13:00:00Z,6/12/20 9:00,2996,,2020-06-12T13:00:00Z,,,,44995,22,523,9338,479534,479534,9861,479534,9,0,b60e71fd90dc93f54f497c000d224228ba791fd6,0,0,0,0,0,
20200612,MA,105059,588300,,1143,10726,276,,170,,,A+,6/12/20 10:00,2020-06-12T10:00:00Z,6/12/20 6:00,7538,10726,2020-06-12T10:00:00Z,,,,100811,25,392,9879,693359,693359,10271,693359,46,72,025c032ac8e1dc8570101aca0b3b9a8c15b7f303,0,0,0,0,0,
20200612,MD,60613,339482,,836,9923,331,,,,4474,B,6/12/20 10:00,2020-06-12T10:00:00Z,6/12/20 6:00,2900,9923,2020-06-12T10:00:00Z,473271,,,60613,24,416,7309,400095,400095,7725,400095,25,134,e396709bfce8c0d14775b02f04a1c335d7fac75c,0,0,0,0,0,
20200612,ME,2721,64166,,32,308,11,,5,,2105,B,6/12/20 12:15,2020-06-12T12:15:00Z,6/12/20 8:15,100,308,2020-06-12T12:15:00Z,67585,3311,64166,2420,23,54,1376,66887,66887,1430,66887,0,0,a48b1f6a2098aacb3b357d60c653d732a18acc91,0,0,0,0,0,
20200612,MI,65672,720615,,636,,253,,139,,42041,A+,6/12/20 0:00,2020-06-12T00:00:00Z,6/11/20 20:00,5990,,2020-06-12T00:00:00Z,802036,81421,720615,59621,26,223,15544,786287,786287,15767,786287,5,0,a3ae83559aa9bd0178c8e33e6bb5cab91503240a,0,0,0,0,0,
20200612,MN,30463,377589,,403,3557,191,1093,,,25028,A,6/11/20 17:00,2020-06-11T17:00:00Z,6/11/20 13:00,1305,3557,2020-06-11T17:00:00Z,408052,,,29795,27,45,12773,408052,408052,12818,408052,25,35,ebb7cef76c37f726a593c0763373ad51207e3a1f,0,0,0,0,0,
20200612,MO,15585,249550,,593,,,,69,,,B,6/12/20 15:00,2020-06-12T15:00:00Z,6/12/20 11:00,872,,2020-06-12T15:00:00Z,270232,17275,252506,15585,29,195,5900,265135,265135,6095,265135,12,0,1b165d013a3652e1e0460d89939b8442870d6ad8,0,0,0,0,0,
20200612,MP,30,7732,,,,,,,,19,D,6/12/20 1:20,2020-06-12T01:20:00Z,6/11/20 21:20,2,,2020-06-12T01:20:00Z,7762,,,30,69,0,181,7762,7762,181,7762,0,0,22bf67f4a9bdcf3faa86a5056542984aa9e417be,0,0,0,0,0,
20200612,MS,19091,195402,,710,2643,172,,94,,13356,A,6/11/20 19:00,2020-06-11T19:00:00Z,6/11/20 15:00,881,2643,2020-06-11T19:00:00Z,213753,,,18959,28,608,0,214493,214493,608,214493,13,29,1ad5904a9a4ccb970c4a7a5932564c8332ba9a77,0,0,0,0,0,
20200612,MT,573,56449,,7,77,,,,,489,C,6/12/20 0:00,2020-06-12T00:00:00Z,6/11/20 20:00,18,77,2020-06-12T00:00:00Z,,,,573,30,10,1235,57022,57022,1245,57022,0,3,e929b73b8ba41bdb4038be53ade42914f0b1fbc6,0,0,0,0,0,
20200612,NC,41249,554448,,760,,,,,,23653,A,6/12/20 12:12,2020-06-12T12:12:00Z,6/12/20 8:12,1092,,2020-06-12T12:12:00Z,,,,41249,37,1768,21252,595697,595697,23020,595697,28,0,7463b0cdcad344c10146172bc8153b9db2d26a2c,0,0,0,0,0,
20200612,ND,3016,81148,,35,197,,,,,2573,F,6/12/20 0:00,2020-06-12T00:00:00Z,6/11/20 20:00,77,197,2020-06-12T00:00:00Z,126489,,,3016,38,36,1340,84164,84164,1376,84164,0,4,c8e01ed9960ed4c25bc355d9a3238e52bcb93e07,0,0,0,0,0,
20200612,NE,16315,114458,,164,1029,,,,,9229,D,6/12/20 21:07,2020-06-12T21:07:00Z,6/12/20 17:07,212,1029,2020-06-12T21:07:00Z,,,,16315,31,290,2821,130773,130773,3111,130773,17,29,19d6742619efa9ec8e005ad26c90f5950234a5fb,0,0,0,0,0,
20200612,NH,5209,86708,,73,504,,149,,,3665,A,6/11/20 9:00,2020-06-11T09:00:00Z,6/11/20 5:00,308,504,2020-06-11T09:00:00Z,,,,5209,33,31,1979,91917,91917,2010,91917,7,4,7bd5d17207c02495cc97cdfe7f9ce0fb25d9b104,0,0,0,0,0,
20200612,NJ,166164,889232,,1480,18607,415,,300,,28509,A+,6/12/20 13:00,2020-06-12T13:00:00Z,6/12/20 9:00,12489,18607,2020-06-12T13:00:00Z,,,,166164,34,348,24255,1055396,1055396,24603,1055396,46,115,25dbd98be0d290dc1bcf391c46e8528ae67a0868,0,0,0,0,0,
20200612,NM,9526,245758,,179,1625,,,,,3983,C,6/12/20 17:30,2020-06-12T17:30:00Z,6/12/20 13:30,426,1625,2020-06-12T17:30:00Z,,,,9526,35,276,9451,255284,255284,9727,255284,16,42,30d9270feca0989dedc63ce86b72ec69be4d3f0c,0,0,0,0,0,
20200612,NV,10678,188769,,328,,77,,36,,604,A+,6/12/20 11:30,2020-06-12T11:30:00Z,6/12/20 7:30,462,,2020-06-12T11:30:00Z,229273,,,10678,32,279,5914,199447,199447,6193,199447,4,0,2d8192bfafe4c75d0787e701d11a5e3018273960,0,0,0,0,0,
20200612,NY,381714,2419686,,1898,89995,552,,387,,68399,A,6/12/20 0:00,2020-06-12T00:00:00Z,6/11/20 20:00,24495,89995,2020-06-12T00:00:00Z,,,,381714,36,822,71573,2801400,2801400,72395,2801400,53,0,b163ad0441c8a10074455029c10906cb5b434043,0,0,0,0,0,
20200612,OH,40424,483294,,547,6814,217,1745,144,,,B,6/12/20 14:00,2020-06-12T14:00:00Z,6/12/20 10:00,2508,6814,2020-06-12T14:00:00Z,,,,37519,39,420,10715,523718,523718,11135,523718,18,61,5e407333319e21b94912b794f95a3e43f168ca34,0,0,0,0,0,
20200612,OK,7848,238366,,154,1103,65,,,,6391,A+,6/12/20 8:00,2020-06-12T08:00:00Z,6/12/20 4:00,359,1103,2020-06-12T08:00:00Z,248091,9156,238366,7848,40,222,4547,246214,246214,4769,246214,2,11,3c40fc00ed8ae7191aafc1c466b88e303ac5aa92,0,0,0,0,0,
20200612,OR,5377,160812,,133,875,47,,15,,2370,A+,6/11/20 3:01,2020-06-11T03:01:00Z,6/10/20 23:01,173,875,2020-06-11T03:01:00Z,,,,5207,41,140,4245,166189,166189,4385,166189,2,11,8f9b2c4f2e6df40df33a98a21fb7861ede88c59a,0,0,0,0,0,
20200612,PA,77999,488385,,899,,,,202,,56939,A+,6/12/20 0:00,2020-06-12T00:00:00Z,6/11/20 20:00,6162,,2020-06-12T00:00:00Z,,,,75800,42,66,11946,566384,566384,12012,566384,49,0,2c516bd7aefb3179728782161d3d3a0da49ad379,0,0,0,0,0,
20200612,PR,5536,,,92,,7,,4,,,C,6/12/20 6:30,2020-06-12T06:30:00Z,6/12/20 2:30,146,,2020-06-12T06:30:00Z,61515,,,1443,72,184,0,5536,5536,184,5536,2,0,d4e034ad073ebd0e6736f7ddf2c1670cc177b786,0,0,0,0,0,
20200612,RI,15947,175571,,141,1853,28,,17,,1435,A+,6/12/20 12:00,2020-06-12T12:00:00Z,6/12/20 8:00,833,1853,2020-06-12T12:00:00Z,,,,15947,44,85,3630,191518,191518,3715,191518,10,11,fd557e433dc326c75f92e2d4bf9bc5ace8c6995a,0,0,0,0,0,
20200612,SC,17170,218889,,512,1988,,,,,8682,A+,6/12/20 16:00,2020-06-12T16:00:00Z,6/12/20 12:00,593,1988,2020-06-12T16:00:00Z,242543,23654,218889,17170,45,729,5273,236059,236059,6002,236059,5,90,0bd4d35158cd21d30e7e33fff4b142bf1655d711,0,0,0,0,0,
20200612,SD,5742,57263,,87,525,,,,,4755,B,6/11/20 18:00,2020-06-11T18:00:00Z,6/11/20 14:00,74,525,2020-06-11T18:00:00Z,,,,5742,46,77,1184,63005,63005,1261,63005,1,11,dc77239cc558d86b8c4e39f6560dbea32ab45e81,0,0,0,0,0,
20200612,TN,29126,561047,,,2049,,,,,19425,B,6/12/20 15:00,2020-06-12T15:00:00Z,6/12/20 11:00,468,2049,2020-06-12T15:00:00Z,594960,33913,561047,28942,47,588,54291,590173,590173,54879,590173,27,38,15f7dc02469e65470b303521a54ccc850f18bfd8,0,0,0,0,0,
20200612,TX,83680,1143277,,2166,,,,,,55258,B,6/12/20 16:40,2020-06-12T16:40:00Z,6/12/20 12:40,1939,,2020-06-12T16:40:00Z,1226957,,,,48,2097,18540,1226957,1226957,20637,1226957,19,0,e1c60cc199da9c670940fa7038f3807035979040,0,0,0,0,0,
20200612,UT,13577,245209,,197,988,,294,,130,7935,B,6/12/20 10:20,2020-06-12T10:20:00Z,6/12/20 6:20,139,988,2020-06-12T10:20:00Z,,,,13577,49,325,3793,258786,258786,4118,258786,8,20,7b2cf341cc809318b1f5a61a1d8c47b83e9766a8,0,0,0,0,0,
20200612,VA,53211,397319,363,1026,8028,297,,143,,7002,A+,6/11/20 17:00,2020-06-11T17:00:00Z,6/11/20 13:00,1534,8028,2020-06-11T17:00:00Z,448172,,,50853,51,564,42569,450893,450530,43133,450530,14,64,faa8e2375812bf36c6acaaa242c4d4ad28bf8f78,0,0,0,0,0,
20200612,VI,72,2221,6,,,,,,,64,C,6/12/20 15:30,2020-06-12T15:30:00Z,6/12/20 11:30,6,,2020-06-12T15:30:00Z,,,,72,78,0,41,2299,2293,41,2293,0,0,e6464abe2537bd5883fef5a63248be16af9c610a,0,0,0,0,0,
20200612,VT,1119,47515,,16,,,,,,907,B,6/11/20 0:00,2020-06-11T00:00:00Z,6/10/20 20:00,55,,2020-06-11T00:00:00Z,,,,1119,50,9,1416,48634,48634,1425,48634,0,0,e0e7fd18ad55aedf8a85a48e6d02aad34e0560d5,0,0,0,0,0,
20200612,WA,24779,400433,,226,3772,,,8,,,B,6/12/20 2:59,2020-06-12T02:59:00Z,6/11/20 22:59,1194,3772,2020-06-12T02:59:00Z,,,,24779,53,137,9733,425212,425212,9870,425212,4,-1,210f8a4e1bfa0c87d2735201b6f5f4ef3798df75,0,0,0,0,0,
20200612,WI,22246,377362,172,287,3003,104,670,,,15783,A+,6/12/20 16:00,2020-06-12T16:00:00Z,6/12/20 12:00,689,3003,2020-06-12T16:00:00Z,,,,22246,55,320,11308,399780,399608,11628,399608,7,27,2f593d5e080764c3a831b6ee16f131a31dbf075a,0,0,0,0,0,
20200612,WV,2233,121806,,29,,9,,2,,1553,B,6/12/20 10:00,2020-06-12T10:00:00Z,6/12/20 6:00,86,,2020-06-12T10:00:00Z,,,,2157,54,21,2898,124039,124039,2919,124039,1,0,ea04cce5ef0fcff7f9c5dc01310c93940d46572a,0,0,0,0,0,
20200612,WY,1027,30873,,5,92,,,,,814,C,6/12/20 18:00,2020-06-12T18:00:00Z,6/12/20 14:00,18,92,2020-06-12T18:00:00Z,31684,941,30446,811,56,18,264,31900,31900,282,31900,0,0,e1970fecd43d0e0e3221a99b7fdd0b8a2c7551ad,0,0,0,0,0,